"id","city","year","month","sales","volume","median","listings","inventory","date"
"562","Austin",2000,1,1025,173053635,133700,3084,2,2000
"563","Austin",2000,2,1277,226038438,134000,2989,2,2000.08333333333
"564","Austin",2000,3,1603,298557656,136700,3042,2,2000.16666666667
"565","Austin",2000,4,1556,289197960,136900,3192,2.1,2000.25
"566","Austin",2000,5,1980,393073774,144700,3617,2.3,2000.33333333333
"567","Austin",2000,6,1885,368290072,148800,3799,2.4,2000.41666666667
"568","Austin",2000,7,1818,351539312,149300,3944,2.6,2000.5
"569","Austin",2000,8,1880,360255090,146300,3948,2.6,2000.58333333333
"570","Austin",2000,9,1498,292799874,148700,4058,2.6,2000.66666666667
"571","Austin",2000,10,1524,300952544,150100,4100,2.6,2000.75
"572","Austin",2000,11,1245,244873204,148000,4114,2.7,2000.83333333333
"573","Austin",2000,12,1330,262408360,149900,4005,2.6,2000.91666666667
"574","Austin",2001,1,1086,204981438,142000,4435,2.8,2001
"575","Austin",2001,2,1213,234385962,151000,5325,3.4,2001.08333333333
"576","Austin",2001,3,1553,296870356,148500,6097,3.9,2001.16666666667
"577","Austin",2001,4,1579,302565123,151100,6800,4.4,2001.25
"578","Austin",2001,5,1838,367601554,151900,7523,4.9,2001.33333333333
"579","Austin",2001,6,1857,366626307,151500,8177,5.3,2001.41666666667
"580","Austin",2001,7,1871,364827740,155500,8406,5.5,2001.5
"581","Austin",2001,8,1801,359972391,153800,8374,5.5,2001.58333333333
"582","Austin",2001,9,1381,257925803,146800,8503,5.6,2001.66666666667
"583","Austin",2001,10,1351,245812749,139700,8135,5.4,2001.75
"584","Austin",2001,11,1388,257247398,152400,7378,4.9,2001.83333333333
"585","Austin",2001,12,1474,297729300,155700,6810,4.4,2001.91666666667
"586","Austin",2002,1,1172,242074554,152600,6851,4.4,2002
"587","Austin",2002,2,1407,279623092,157300,7190,4.6,2002.08333333333
"588","Austin",2002,3,1550,313749244,156600,7625,4.9,2002.16666666667
"589","Austin",2002,4,1665,322148092,156200,8226,5.3,2002.25
"590","Austin",2002,5,1931,383478450,156000,9109,5.8,2002.33333333333
"591","Austin",2002,6,1829,371258246,158900,9620,6.1,2002.41666666667
"592","Austin",2002,7,1729,332673864,151700,9863,6.3,2002.5
"593","Austin",2002,8,1742,346430746,156900,9843,6.3,2002.58333333333
"594","Austin",2002,9,1407,274003236,152400,9854,6.3,2002.66666666667
"595","Austin",2002,10,1480,291194551,150300,9747,6.2,2002.75
"596","Austin",2002,11,1304,244930656,149800,9189,5.9,2002.83333333333
"597","Austin",2002,12,1500,294382650,151600,8854,5.7,2002.91666666667
"598","Austin",2003,1,1094,198926472,144100,9163,5.9,2003
"599","Austin",2003,2,1236,237034508,150600,9541,6.2,2003.08333333333
"600","Austin",2003,3,1522,294928586,153000,10152,6.6,2003.16666666667
"601","Austin",2003,4,1547,301081936,154700,10756,7,2003.25
"602","Austin",2003,5,1652,329708716,156800,11071,7.4,2003.33333333333
"603","Austin",2003,6,1931,401039300,162400,11000,7.3,2003.41666666667
"604","Austin",2003,7,2048,416842800,160500,10929,7.1,2003.5
"605","Austin",2003,8,2169,423729417,155300,10761,6.8,2003.58333333333
"606","Austin",2003,9,1898,357269553,151500,10649,6.6,2003.66666666667
"607","Austin",2003,10,1609,317732419,152700,10475,6.4,2003.75
"608","Austin",2003,11,1362,267634196,151500,9939,6.1,2003.83333333333
"609","Austin",2003,12,1725,353090616,155600,9644,5.8,2003.91666666667
"610","Austin",2004,1,1096,203983516,144400,9853,6,2004
"611","Austin",2004,2,1300,255330644,148900,10442,6.3,2004.08333333333
"612","Austin",2004,3,1650,329520600,154100,10769,6.5,2004.16666666667
"613","Austin",2004,4,2039,397886270,154500,10895,6.4,2004.25
"614","Austin",2004,5,2084,418371770,155500,11104,6.4,2004.33333333333
"615","Austin",2004,6,2433,501302304,160100,11122,6.2,2004.41666666667
"616","Austin",2004,7,2377,480101629,158700,11028,6.1,2004.5
"617","Austin",2004,8,2333,466782418,152800,10797,5.9,2004.58333333333
"618","Austin",2004,9,1927,390609048,158200,10436,5.7,2004.66666666667
"619","Austin",2004,10,1704,341152576,150300,10141,5.5,2004.75
"620","Austin",2004,11,1630,308820516,147500,9277,5,2004.83333333333
"621","Austin",2004,12,1994,393603237,154000,8863,4.7,2004.91666666667
"622","Austin",2005,1,1430,281261604,148300,8909,4.7,2005
"623","Austin",2005,2,1639,317890683,156900,9198,4.7,2005.08333333333
"624","Austin",2005,3,2167,441137816,154700,9515,4.8,2005.16666666667
"625","Austin",2005,4,2156,436705640,158200,9780,4.9,2005.25
"626","Austin",2005,5,2496,539885343,159500,9204,4.5,2005.33333333333
"627","Austin",2005,6,2701,577224899,166100,9455,4.6,2005.41666666667
"628","Austin",2005,7,2715,594741961,165800,9726,4.7,2005.5
"629","Austin",2005,8,2883,612428226,167500,9095,4.3,2005.58333333333
"630","Austin",2005,9,2495,520740255,158400,8605,4,2005.66666666667
"631","Austin",2005,10,2126,438332894,158800,8419,3.8,2005.75
"632","Austin",2005,11,1975,435832989,167900,7933,3.6,2005.83333333333
"633","Austin",2005,12,2122,464752606,168600,7738,3.5,2005.91666666667
"634","Austin",2006,1,1694,380503741,167900,8098,3.6,2006
"635","Austin",2006,2,1886,413928068,165700,8259,3.6,2006.08333333333
"636","Austin",2006,3,2605,586176203,166700,8677,3.7,2006.16666666667
"637","Austin",2006,4,2434,554865748,171600,8965,3.8,2006.25
"638","Austin",2006,5,2948,677494604,170300,8996,3.8,2006.33333333333
"639","Austin",2006,6,3337,784835296,175400,9267,3.8,2006.41666666667
"640","Austin",2006,7,2989,707975483,174600,9134,3.7,2006.5
"641","Austin",2006,8,3104,729560280,179400,8932,3.6,2006.58333333333
"642","Austin",2006,9,2586,580201261,167000,9097,3.7,2006.66666666667
"643","Austin",2006,10,2355,534104892,174500,8894,3.6,2006.75
"644","Austin",2006,11,2141,496504087,172200,8289,3.3,2006.83333333333
"645","Austin",2006,12,2205,515575944,175900,7735,3.1,2006.91666666667
"646","Austin",2007,1,1644,390464253,174400,7784,3.1,2007
"647","Austin",2007,2,1904,443681250,177500,7991,3.2,2007.08333333333
"648","Austin",2007,3,2602,628793580,177300,8696,3.4,2007.16666666667
"649","Austin",2007,4,2566,625641015,181900,9385,3.7,2007.25
"650","Austin",2007,5,3012,741645574,183500,9987,3.9,2007.33333333333
"651","Austin",2007,6,3086,782769434,191000,10351,4.1,2007.41666666667
"652","Austin",2007,7,2959,743454236,188900,10757,4.3,2007.5
"653","Austin",2007,8,2805,717200330,190600,11172,4.5,2007.58333333333
"654","Austin",2007,9,1984,494360536,182500,11379,4.7,2007.66666666667
"655","Austin",2007,10,1910,458395970,181700,11028,4.6,2007.75
"656","Austin",2007,11,1805,442079932,185200,9599,4,2007.83333333333
"657","Austin",2007,12,1771,442476370,189300,9866,4.2,2007.91666666667
"658","Austin",2008,1,1435,346359718,185300,10403,4.5,2008
"659","Austin",2008,2,1705,394847541,180300,10861,4.7,2008.08333333333
"660","Austin",2008,3,2049,486846093,188800,11431,5.1,2008.16666666667
"661","Austin",2008,4,2190,521407482,187000,11833,5.3,2008.25
"662","Austin",2008,5,2352,600681316,193800,12415,5.7,2008.33333333333
"663","Austin",2008,6,2421,614811824,196400,12769,6,2008.41666666667
"664","Austin",2008,7,2292,576614008,190900,12728,6.2,2008.5
"665","Austin",2008,8,2214,553078210,194300,12078,6,2008.58333333333
"666","Austin",2008,9,1829,437423637,181800,11907,6,2008.66666666667
"667","Austin",2008,10,1444,345831114,188500,11635,5.9,2008.75
"668","Austin",2008,11,1089,251409268,180100,10869,5.7,2008.83333333333
"669","Austin",2008,12,1420,341207960,179600,10089,5.4,2008.91666666667
"670","Austin",2009,1,914,205512450,176000,10373,5.7,2009
"671","Austin",2009,2,1192,281517090,187600,10929,6.1,2009.08333333333
"672","Austin",2009,3,1498,340937410,179100,11280,6.5,2009.16666666667
"673","Austin",2009,4,1692,387847145,186900,11462,6.8,2009.25
"674","Austin",2009,5,1852,458979968,193400,11535,7,2009.33333333333
"675","Austin",2009,6,2254,554436848,195600,11681,7.1,2009.41666666667
"676","Austin",2009,7,2263,541395060,189900,11449,7,2009.5
"677","Austin",2009,8,1959,464279974,187800,10940,6.8,2009.58333333333
"678","Austin",2009,9,1934,456884556,184800,10486,6.4,2009.66666666667
"679","Austin",2009,10,1953,454806534,179300,10300,6.2,2009.75
"680","Austin",2009,11,1729,401164047,176100,9836,5.7,2009.83333333333
"681","Austin",2009,12,1507,376479291,187800,9366,5.4,2009.91666666667
"682","Austin",2010,1,985,230799130,175300,9931,5.7,2010
"683","Austin",2010,2,1249,293085886,182600,10825,6.2,2010.08333333333
"684","Austin",2010,3,1987,461231875,179400,11846,6.7,2010.16666666667
"685","Austin",2010,4,2230,513122847,185100,12270,6.7,2010.25
"686","Austin",2010,5,2286,543258166,188600,12786,6.9,2010.33333333333
"687","Austin",2010,6,2190,584250558,200500,13353,7.2,2010.41666666667
"688","Austin",2010,7,1640,453983948,213600,13336,7.4,2010.5
"689","Austin",2010,8,1675,432655897,195200,12575,7.1,2010.58333333333
"690","Austin",2010,9,1406,342118926,190500,11834,6.8,2010.66666666667
"691","Austin",2010,10,1336,342862397,193300,11003,6.5,2010.75
"692","Austin",2010,11,1327,325029932,180600,9906,6,2010.83333333333
"693","Austin",2010,12,1561,384045548,191200,9284,5.6,2010.91666666667
"694","Austin",2011,1,1047,254004270,185100,9287,5.6,2011
"695","Austin",2011,2,1210,289087802,188000,9795,5.9,2011.08333333333
"696","Austin",2011,3,1759,427529263,184400,10464,6.4,2011.16666666667
"697","Austin",2011,4,1840,484604140,191600,11030,6.9,2011.25
"698","Austin",2011,5,2066,538652902,194800,11033,6.9,2011.33333333333
"699","Austin",2011,6,2329,615616057,199900,10958,6.9,2011.41666666667
"700","Austin",2011,7,2163,555886196,193900,10577,6.4,2011.5
"701","Austin",2011,8,2200,553744120,193900,9774,5.8,2011.58333333333
"702","Austin",2011,9,1806,443089936,186900,9489,5.5,2011.66666666667
"703","Austin",2011,10,1588,394019216,188900,8874,5.1,2011.75
"704","Austin",2011,11,1479,361444745,184700,8054,4.6,2011.83333333333
"705","Austin",2011,12,1721,418963364,188300,7473,4.2,2011.91666666667
"706","Austin",2012,1,1182,265821275,177400,7432,4.2,2012
"707","Austin",2012,2,1415,353527608,191600,7738,4.3,2012.08333333333
"708","Austin",2012,3,2083,533800484,198600,8186,4.5,2012.16666666667
"709","Austin",2012,4,2128,563288160,207400,8239,4.5,2012.25
"710","Austin",2012,5,2611,705383898,210200,8465,4.5,2012.33333333333
"711","Austin",2012,6,2837,791281075,216000,8641,4.5,2012.41666666667
"712","Austin",2012,7,2604,718755768,211000,8519,4.3,2012.5
"713","Austin",2012,8,2647,708540314,205100,8112,4,2012.58333333333
"714","Austin",2012,9,2000,516045542,196800,7641,3.8,2012.66666666667
"715","Austin",2012,10,2173,585049910,197100,7091,3.4,2012.75
"716","Austin",2012,11,1827,485197329,198200,6425,3.1,2012.83333333333
"717","Austin",2012,12,2014,562680422,211500,5737,2.7,2012.91666666667
"718","Austin",2013,1,1566,402135669,199200,5548,2.6,2013
"719","Austin",2013,2,1795,468527290,206800,5752,2.6,2013.08333333333
"720","Austin",2013,3,2384,661274904,217100,5848,2.6,2013.16666666667
"721","Austin",2013,4,2692,820141712,227300,6121,2.7,2013.25
"722","Austin",2013,5,3182,944924177,228100,6424,2.8,2013.33333333333
"723","Austin",2013,6,2970,880058970,234100,6724,2.9,2013.41666666667
"724","Austin",2013,7,3376,993168216,227900,6721,2.8,2013.5
"725","Austin",2013,8,3318,931481472,218800,6706,2.7,2013.58333333333
"726","Austin",2013,9,2544,725959392,224000,6569,2.6,2013.66666666667
"727","Austin",2013,10,2350,648747783,218300,6114,2.4,2013.75
"728","Austin",2013,11,2045,594534652,217900,5668,2.2,2013.83333333333
"729","Austin",2013,12,2214,647915760,226600,5047,2,2013.91666666667
"730","Austin",2014,1,1582,426127544,213700,5118,2,2014
"731","Austin",2014,2,1903,550882376,229400,5255,2.1,2014.08333333333
"732","Austin",2014,3,2434,717821612,235600,5512,2.2,2014.16666666667
"733","Austin",2014,4,2691,813253968,237000,5838,2.3,2014.25
"734","Austin",2014,5,3178,1012123948,243900,6539,2.6,2014.33333333333
"735","Austin",2014,6,3195,1023051880,248900,7040,2.7,2014.41666666667
"736","Austin",2014,7,3151,982086356,246900,7475,2.9,2014.5
"737","Austin",2014,8,3023,927019222,243800,7326,2.9,2014.58333333333
"738","Austin",2014,9,2664,813797562,238900,7072,2.8,2014.66666666667
"739","Austin",2014,10,2588,796863816,239600,6791,2.7,2014.75
"740","Austin",2014,11,2053,624591613,242100,6126,2.4,2014.83333333333
"741","Austin",2014,12,2491,768005685,245700,5602,2.2,2014.91666666667
"742","Austin",2015,1,1656,512034244,237500,5567,2.2,2015
"743","Austin",2015,2,1978,595625521,245300,5733,2.2,2015.08333333333
"744","Austin",2015,3,2677,885779822,253900,5906,2.3,2015.16666666667
"745","Austin",2015,4,2801,931744729,270300,6560,2.5,2015.25
"746","Austin",2015,5,2999,1026501450,271200,7009,2.7,2015.33333333333
"747","Austin",2015,6,3301,1086689918,270200,7419,2.8,2015.41666666667
"748","Austin",2015,7,3466,1150381553,264600,7913,3,2015.5
"2058","Dallas",2000,1,2286,375389865,124400,13316,3.7,2000
"2059","Dallas",2000,2,3247,555124812,127700,13495,3.7,2000.08333333333
"2060","Dallas",2000,3,4244,702148377,128500,13752,3.7,2000.16666666667
"2061","Dallas",2000,4,3977,667331427,132000,13752,3.7,2000.25
"2062","Dallas",2000,5,4545,783197806,137100,14018,3.7,2000.33333333333
"2063","Dallas",2000,6,4738,846254912,138800,14392,3.8,2000.41666666667
"2064","Dallas",2000,7,4276,763793916,139600,14705,3.9,2000.5
"2065","Dallas",2000,8,4373,770735708,134500,14607,3.9,2000.58333333333
"2066","Dallas",2000,9,3654,643046932,136000,15109,4,2000.66666666667
"2067","Dallas",2000,10,3601,626302634,134600,15212,4,2000.75
"2068","Dallas",2000,11,3407,589401171,133200,14565,3.8,2000.83333333333
"2069","Dallas",2000,12,3098,554774879,138700,13762,3.6,2000.91666666667
"2070","Dallas",2001,1,2542,426059934,130300,14931,3.9,2001
"2071","Dallas",2001,2,3257,578096015,139300,15389,4,2001.08333333333
"2072","Dallas",2001,3,4306,766269442,142400,16063,4.2,2001.16666666667
"2073","Dallas",2001,4,3976,700310163,140800,17059,4.5,2001.25
"2074","Dallas",2001,5,4633,832516238,141700,17814,4.7,2001.33333333333
"2075","Dallas",2001,6,5065,941310414,146300,18372,4.8,2001.41666666667
"2076","Dallas",2001,7,4745,866755946,144300,18741,4.8,2001.5
"2077","Dallas",2001,8,4603,839224430,141400,18584,4.8,2001.58333333333
"2078","Dallas",2001,9,3551,630982262,144500,18998,4.9,2001.66666666667
"2079","Dallas",2001,10,3449,564356982,136000,19403,5,2001.75
"2080","Dallas",2001,11,3373,582425484,142300,18495,4.8,2001.83333333333
"2081","Dallas",2001,12,3492,624519434,142600,17290,4.4,2001.91666666667
"2082","Dallas",2002,1,2862,502970859,140700,18240,4.6,2002
"2083","Dallas",2002,2,3461,616881882,143700,18927,4.8,2002.08333333333
"2084","Dallas",2002,3,4021,731728110,145200,19367,4.9,2002.16666666667
"2085","Dallas",2002,4,4185,766278911,144900,20139,5.1,2002.25
"2086","Dallas",2002,5,4769,913391794,145600,21153,5.3,2002.33333333333
"2087","Dallas",2002,6,4423,817899695,148400,22043,5.6,2002.41666666667
"2088","Dallas",2002,7,4559,857727953,145100,23165,5.9,2002.5
"2089","Dallas",2002,8,4386,811329118,145500,23056,5.9,2002.58333333333
"2090","Dallas",2002,9,3716,653244332,142800,23551,6.1,2002.66666666667
"2091","Dallas",2002,10,3672,657676258,143700,23458,6,2002.75
"2092","Dallas",2002,11,3415,611752816,143400,22758,5.8,2002.83333333333
"2093","Dallas",2002,12,3730,698773428,148100,21559,5.5,2002.91666666667
"2094","Dallas",2003,1,2795,495512434,141900,23586,6,2003
"2095","Dallas",2003,2,2994,549263980,145600,24381,6.3,2003.08333333333
"2096","Dallas",2003,3,4245,775700960,146100,25382,6.5,2003.16666666667
"2097","Dallas",2003,4,4077,752063142,146800,26210,6.7,2003.25
"2098","Dallas",2003,5,4655,883859330,150600,26824,6.9,2003.33333333333
"2099","Dallas",2003,6,4847,920352540,154000,27169,6.9,2003.41666666667
"2100","Dallas",2003,7,5085,988546517,153400,27286,6.9,2003.5
"2101","Dallas",2003,8,5003,957387591,153300,26604,6.6,2003.58333333333
"2102","Dallas",2003,9,4267,819435447,148300,26372,6.5,2003.66666666667
"2103","Dallas",2003,10,4136,772657281,143600,25757,6.3,2003.75
"2104","Dallas",2003,11,3225,614476976,144500,25093,6.1,2003.83333333333
"2105","Dallas",2003,12,3949,757974150,147200,24013,5.8,2003.91666666667
"2106","Dallas",2004,1,2904,523105156,138900,25365,6.2,2004
"2107","Dallas",2004,2,3409,643892110,146700,25849,6.2,2004.08333333333
"2108","Dallas",2004,3,4835,924268970,146600,26821,6.4,2004.16666666667
"2109","Dallas",2004,4,5006,985509075,148900,27938,6.5,2004.25
"2110","Dallas",2004,5,5116,997391985,149600,28496,6.6,2004.33333333333
"2111","Dallas",2004,6,5511,1134082858,159300,28725,6.6,2004.41666666667
"2112","Dallas",2004,7,5398,1073634588,154500,28842,6.6,2004.5
"2113","Dallas",2004,8,5222,1038300840,152400,28612,6.5,2004.58333333333
"2114","Dallas",2004,9,4444,834310868,146300,28055,6.3,2004.66666666667
"2115","Dallas",2004,10,4184,802557736,148900,27386,6.2,2004.75
"2116","Dallas",2004,11,3996,754389601,148900,26079,5.8,2004.83333333333
"2117","Dallas",2004,12,4489,870957702,148100,24190,5.3,2004.91666666667
"2118","Dallas",2005,1,2981,547637034,140200,25873,5.7,2005
"2119","Dallas",2005,2,3762,728884739,147600,26794,5.9,2005.08333333333
"2120","Dallas",2005,3,5349,1074448492,151700,27751,6,2005.16666666667
"2121","Dallas",2005,4,5261,1046087320,152000,28745,6.2,2005.25
"2122","Dallas",2005,5,5681,1140244812,154400,28790,6.1,2005.33333333333
"2123","Dallas",2005,6,6416,1352136392,158900,28875,6.1,2005.41666666667
"2124","Dallas",2005,7,5808,1191501494,159800,29103,6.1,2005.5
"2125","Dallas",2005,8,6006,1231779356,158000,NA,NA,2005.58333333333
"2126","Dallas",2005,9,5086,1013634502,154500,27562,5.6,2005.66666666667
"2127","Dallas",2005,10,4696,943709896,155100,27113,5.5,2005.75
"2128","Dallas",2005,11,4413,911211915,158500,26468,5.3,2005.83333333333
"2129","Dallas",2005,12,4521,952447451,157100,24860,5,2005.91666666667
"2130","Dallas",2006,1,3457,681032359,149600,26232,5.2,2006
"2131","Dallas",2006,2,4311,860515451,154100,26793,5.3,2006.08333333333
"2132","Dallas",2006,3,5883,1199917590,154900,27795,5.4,2006.16666666667
"2133","Dallas",2006,4,5332,1079456628,154800,29147,5.7,2006.25
"2134","Dallas",2006,5,6410,1407381438,164500,29775,5.7,2006.33333333333
"2135","Dallas",2006,6,7117,1546598624,163400,30323,5.8,2006.41666666667
"2136","Dallas",2006,7,5965,1283170506,164000,31191,5.9,2006.5
"2137","Dallas",2006,8,6344,1336466287,158300,30770,5.8,2006.58333333333
"2138","Dallas",2006,9,5052,982886817,150200,31030,5.9,2006.66666666667
"2139","Dallas",2006,10,5033,1010810885,152300,30258,5.7,2006.75
"2140","Dallas",2006,11,4585,940142663,154900,29060,5.4,2006.83333333333
"2141","Dallas",2006,12,4737,993052385,156300,27369,5.1,2006.91666666667
"2142","Dallas",2007,1,3626,731573846,149300,28328,5.3,2007
"2143","Dallas",2007,2,4248,861440268,153500,29121,5.4,2007.08333333333
"2144","Dallas",2007,3,5726,1235307617,158200,31281,5.8,2007.16666666667
"2145","Dallas",2007,4,5252,1165180158,164100,32787,6.1,2007.25
"2146","Dallas",2007,5,6092,1370682102,163000,33283,6.3,2007.33333333333
"2147","Dallas",2007,6,6207,1432055051,169100,33624,6.4,2007.41666666667
"2148","Dallas",2007,7,6111,1330935156,163700,33414,6.4,2007.5
"2149","Dallas",2007,8,6041,1353660825,165700,32915,6.3,2007.58333333333
"2150","Dallas",2007,9,4069,847151558,157500,32907,6.4,2007.66666666667
"2151","Dallas",2007,10,4396,903923726,153500,32079,6.3,2007.75
"2152","Dallas",2007,11,4124,888702214,155400,30563,6,2007.83333333333
"2153","Dallas",2007,12,3803,814393850,153700,27649,5.6,2007.91666666667
"2154","Dallas",2008,1,3210,630240854,146100,28933,5.9,2008
"2155","Dallas",2008,2,3869,773134573,147400,29206,6,2008.08333333333
"2156","Dallas",2008,3,4495,962729451,159600,30124,6.3,2008.16666666667
"2157","Dallas",2008,4,4764,1028613369,157600,30471,6.4,2008.25
"2158","Dallas",2008,5,5198,1144397358,162100,30340,6.5,2008.33333333333
"2159","Dallas",2008,6,5180,1134394581,164400,30340,6.6,2008.41666666667
"2160","Dallas",2008,7,5125,1130066358,163500,29724,6.6,2008.5
"2161","Dallas",2008,8,4912,1062012827,159300,28367,6.4,2008.58333333333
"2162","Dallas",2008,9,4293,875314057,150100,27406,6.2,2008.66666666667
"2163","Dallas",2008,10,3709,772075592,154300,26563,6.1,2008.75
"2164","Dallas",2008,11,2801,557480064,144000,26573,6.2,2008.83333333333
"2165","Dallas",2008,12,3292,664006859,147600,24321,5.7,2008.91666666667
"2166","Dallas",2009,1,2346,417085333,138300,25070,6,2009
"2167","Dallas",2009,2,2979,564485187,147200,25641,6.3,2009.08333333333
"2168","Dallas",2009,3,3631,694327912,147900,26346,6.6,2009.16666666667
"2169","Dallas",2009,4,3694,709506666,149100,26782,6.8,2009.25
"2170","Dallas",2009,5,4119,851097758,164300,26918,7,2009.33333333333
"2171","Dallas",2009,6,4691,1001824336,166600,24677,6.5,2009.41666666667
"2172","Dallas",2009,7,4865,1004407059,163400,24387,6.5,2009.5
"2173","Dallas",2009,8,4193,874205286,159600,23827,6.4,2009.58333333333
"2174","Dallas",2009,9,4045,809693379,155700,22979,6.2,2009.66666666667
"2175","Dallas",2009,10,4150,806442505,152700,22128,5.9,2009.75
"2176","Dallas",2009,11,3773,741958892,151200,21552,5.6,2009.83333333333
"2177","Dallas",2009,12,3405,691986697,149800,20260,5.3,2009.91666666667
"2178","Dallas",2010,1,2210,420140118,140800,21825,5.7,2010
"2179","Dallas",2010,2,2774,548903564,149800,22991,6.1,2010.08333333333
"2180","Dallas",2010,3,4082,824662535,156800,24125,6.3,2010.16666666667
"2181","Dallas",2010,4,4791,1005356810,160100,24290,6.2,2010.25
"2182","Dallas",2010,5,4891,1025677623,161900,25680,6.4,2010.33333333333
"2183","Dallas",2010,6,4658,1055526309,166700,26812,6.7,2010.41666666667
"2184","Dallas",2010,7,3363,782294206,167800,27709,7.2,2010.5
"2185","Dallas",2010,8,3476,738748272,164900,27346,7.2,2010.58333333333
"2186","Dallas",2010,9,3151,651529718,155200,26745,7.2,2010.66666666667
"2187","Dallas",2010,10,2977,606133350,154100,25688,7.1,2010.75
"2188","Dallas",2010,11,2795,608685059,154900,24254,6.8,2010.83333333333
"2189","Dallas",2010,12,3215,743761990,161900,22557,6.4,2010.91666666667
"2190","Dallas",2011,1,2194,440255555,149900,22432,6.4,2011
"2191","Dallas",2011,2,2494,536086749,156700,22868,6.5,2011.08333333333
"2192","Dallas",2011,3,3603,765050217,152400,23641,6.8,2011.16666666667
"2193","Dallas",2011,4,3804,834184034,158200,24218,7.2,2011.25
"2194","Dallas",2011,5,4099,912861330,163600,24258,7.3,2011.33333333333
"2195","Dallas",2011,6,4541,1009183879,165700,23968,7.2,2011.41666666667
"2196","Dallas",2011,7,4063,879245704,164000,23300,6.9,2011.5
"2197","Dallas",2011,8,4467,972011821,162600,21860,6.3,2011.58333333333
"2198","Dallas",2011,9,3564,710642787,157200,20823,6,2011.66666666667
"2199","Dallas",2011,10,3263,669233033,153100,19959,5.7,2011.75
"2200","Dallas",2011,11,3183,615547826,149400,18690,5.3,2011.83333333333
"2201","Dallas",2011,12,3381,726947587,160300,16676,4.7,2011.91666666667
"2202","Dallas",2012,1,2555,509458081,150800,16721,4.7,2012
"2203","Dallas",2012,2,3085,634067291,157100,17173,4.7,2012.08333333333
"2204","Dallas",2012,3,4068,898320563,167300,17433,4.7,2012.16666666667
"2205","Dallas",2012,4,4291,983333297,168700,17632,4.7,2012.25
"2206","Dallas",2012,5,5004,1175419749,175100,17726,4.7,2012.33333333333
"2207","Dallas",2012,6,5196,1209024869,177900,17587,4.6,2012.41666666667
"2208","Dallas",2012,7,4859,1117428758,176000,17314,4.4,2012.5
"2209","Dallas",2012,8,5264,1168296112,174200,16611,4.2,2012.58333333333
"2210","Dallas",2012,9,4151,921678400,173500,15994,4,2012.66666666667
"2211","Dallas",2012,10,4214,885330428,166700,15008,3.7,2012.75
"2212","Dallas",2012,11,3875,851505972,168300,13908,3.3,2012.83333333333
"2213","Dallas",2012,12,3849,886692144,177800,12436,3,2012.91666666667
"2214","Dallas",2013,1,3190,655201227,163100,12360,2.9,2013
"2215","Dallas",2013,2,3557,759739139,168100,12273,2.9,2013.08333333333
"2216","Dallas",2013,3,5041,1203754457,180800,12249,2.8,2013.16666666667
"2217","Dallas",2013,4,5545,1431377905,193300,12432,2.8,2013.25
"2218","Dallas",2013,5,6159,1584160079,198000,12785,2.8,2013.33333333333
"2219","Dallas",2013,6,5981,1593190134,202800,13339,2.9,2013.41666666667
"2220","Dallas",2013,7,6322,1598961793,199200,13685,2.9,2013.5
"2221","Dallas",2013,8,6209,1570480866,198000,13694,2.8,2013.58333333333
"2222","Dallas",2013,9,4941,1181585876,188800,13145,2.7,2013.66666666667
"2223","Dallas",2013,10,4593,1105924279,189200,12728,2.6,2013.75
"2224","Dallas",2013,11,3964,968261356,186600,11895,2.4,2013.83333333333
"2225","Dallas",2013,12,4212,1071755610,194900,10531,2.1,2013.91666666667
"2226","Dallas",2014,1,3152,720647942,180300,10603,2.1,2014
"2227","Dallas",2014,2,3769,963263681,194600,10697,2.1,2014.08333333333
"2228","Dallas",2014,3,4730,1229703296,199300,10796,2.2,2014.16666666667
"2229","Dallas",2014,4,5165,1381342187,202300,11416,2.3,2014.25
"2230","Dallas",2014,5,5924,1618432082,209700,12208,2.5,2014.33333333333
"2231","Dallas",2014,6,6309,1703805588,217100,12432,2.5,2014.41666666667
"2232","Dallas",2014,7,6256,1695109572,215800,12869,2.6,2014.5
"2233","Dallas",2014,8,5924,1547392167,211400,12600,2.6,2014.58333333333
"2234","Dallas",2014,9,5137,1338038367,205800,11903,2.4,2014.66666666667
"2235","Dallas",2014,10,5096,1330991006,200400,11329,2.3,2014.75
"2236","Dallas",2014,11,3958,1034129843,205200,10441,2.1,2014.83333333333
"2237","Dallas",2014,12,4734,1311403538,217400,9146,1.8,2014.91666666667
"2238","Dallas",2015,1,3066,773952769,203300,9063,1.8,2015
"2239","Dallas",2015,2,3772,1030862233,213700,8850,1.8,2015.08333333333
"2240","Dallas",2015,3,5010,1408782357,224800,8932,1.8,2015.16666666667
"2241","Dallas",2015,4,5359,1557683074,232500,9616,1.9,2015.25
"2242","Dallas",2015,5,5958,1779708059,241300,10355,2.1,2015.33333333333
"2243","Dallas",2015,6,6532,1960556658,242300,11014,2.2,2015.41666666667
"2244","Dallas",2015,7,7038,2021907410,233000,12292,2.4,2015.5
"3554","Houston",2000,1,2653,381805283,102500,16768,3.9,2000
"3555","Houston",2000,2,3687,536456803,110300,16933,3.9,2000.08333333333
"3556","Houston",2000,3,4733,709112659,109500,17058,3.9,2000.16666666667
"3557","Houston",2000,4,4364,649712779,110800,17716,4.1,2000.25
"3558","Houston",2000,5,5215,809459231,112700,18461,4.2,2000.33333333333
"3559","Houston",2000,6,5655,887396592,117900,18959,4.3,2000.41666666667
"3560","Houston",2000,7,5009,770284031,118300,19391,4.4,2000.5
"3561","Houston",2000,8,5134,800032008,114600,19534,4.5,2000.58333333333
"3562","Houston",2000,9,4262,671716256,115900,19558,4.5,2000.66666666667
"3563","Houston",2000,10,4068,621419904,112400,19752,4.5,2000.75
"3564","Houston",2000,11,3729,571270375,115200,19190,4.4,2000.83333333333
"3565","Houston",2000,12,3950,632500396,119300,18296,4.2,2000.91666666667
"3566","Houston",2001,1,2789,412051003,111900,19097,4.4,2001
"3567","Houston",2001,2,3495,538463336,114400,19628,4.5,2001.08333333333
"3568","Houston",2001,3,4689,739260418,116300,20487,4.7,2001.16666666667
"3569","Houston",2001,4,4697,749626772,122300,21307,4.9,2001.25
"3570","Houston",2001,5,5435,856531025,122500,21713,4.9,2001.33333333333
"3571","Houston",2001,6,5501,909778437,127500,21895,5,2001.41666666667
"3572","Houston",2001,7,5424,903061633,127500,21791,4.9,2001.5
"3573","Houston",2001,8,5544,883998928,124200,21871,4.9,2001.58333333333
"3574","Houston",2001,9,4048,628710385,119700,NA,NA,2001.66666666667
"3575","Houston",2001,10,4085,618193358,117100,21988,4.9,2001.75
"3576","Houston",2001,11,3859,592342276,120400,21196,4.8,2001.83333333333
"3577","Houston",2001,12,4290,709005372,128300,20029,4.5,2001.91666666667
"3578","Houston",2002,1,3431,510956444,119300,20898,4.6,2002
"3579","Houston",2002,2,3873,611515214,124900,21140,4.6,2002.08333333333
"3580","Houston",2002,3,4629,774677516,127600,21594,4.7,2002.16666666667
"3581","Houston",2002,4,5048,847671964,128100,22543,4.9,2002.25
"3582","Houston",2002,5,5649,955681791,130200,23439,5.1,2002.33333333333
"3583","Houston",2002,6,5464,958205193,133300,24637,5.3,2002.41666666667
"3584","Houston",2002,7,5616,966135006,132000,25643,5.5,2002.5
"3585","Houston",2002,8,5245,875626270,130900,26281,5.7,2002.58333333333
"3586","Houston",2002,9,4517,760325539,131100,26508,5.7,2002.66666666667
"3587","Houston",2002,10,4498,737965003,127100,26838,5.7,2002.75
"3588","Houston",2002,11,3867,638104662,130400,26519,5.7,2002.83333333333
"3589","Houston",2002,12,4726,849532065,136600,25537,5.4,2002.91666666667
"3590","Houston",2003,1,3440,541782996,126800,27004,5.7,2003
"3591","Houston",2003,2,3846,608855630,127900,27447,5.8,2003.08333333333
"3592","Houston",2003,3,4720,783543888,129400,28199,6,2003.16666666667
"3593","Houston",2003,4,4905,820501550,131900,28823,6.1,2003.25
"3594","Houston",2003,5,5797,983538555,131700,29670,6.3,2003.33333333333
"3595","Houston",2003,6,5986,1056245238,138300,30818,6.5,2003.41666666667
"3596","Houston",2003,7,6127,1119016580,141500,31412,6.5,2003.5
"3597","Houston",2003,8,5950,1028829788,136900,31247,6.4,2003.58333333333
"3598","Houston",2003,9,5334,908966745,132600,31660,6.4,2003.66666666667
"3599","Houston",2003,10,5141,878362276,128400,31489,6.3,2003.75
"3600","Houston",2003,11,4003,694419416,130100,30956,6.2,2003.83333333333
"3601","Houston",2003,12,5483,993712106,134800,28845,5.7,2003.91666666667
"3602","Houston",2004,1,3442,550559098,124500,30487,6,2004
"3603","Houston",2004,2,4321,728216739,130500,31021,6.1,2004.08333333333
"3604","Houston",2004,3,5724,965503448,130500,32625,6.3,2004.16666666667
"3605","Houston",2004,4,5901,1041248728,134300,33720,6.4,2004.25
"3606","Houston",2004,5,6048,1103057472,136900,34589,6.5,2004.33333333333
"3607","Houston",2004,6,7033,1303781778,141400,35039,6.5,2004.41666666667
"3608","Houston",2004,7,6530,1154131493,135900,35565,6.6,2004.5
"3609","Houston",2004,8,6428,1119568769,135900,35509,6.5,2004.58333333333
"3610","Houston",2004,9,5537,983442963,134000,35499,6.5,2004.66666666667
"3611","Houston",2004,10,5241,898185035,131900,35390,6.5,2004.75
"3612","Houston",2004,11,4847,844153374,131800,34338,6.2,2004.83333333333
"3613","Houston",2004,12,5927,1084532175,137800,32291,5.8,2004.91666666667
"3614","Houston",2005,1,3605,614406790,131800,33758,6,2005
"3615","Houston",2005,2,4555,800622824,136000,34426,6.1,2005.08333333333
"3616","Houston",2005,3,5995,1064201491,136200,35353,6.3,2005.16666666667
"3617","Houston",2005,4,6176,1133186288,136700,36439,6.4,2005.25
"3618","Houston",2005,5,7162,1329864173,142200,37109,6.5,2005.33333333333
"3619","Houston",2005,6,7466,1420009610,144800,37470,6.5,2005.41666666667
"3620","Houston",2005,7,7190,1360003590,144300,37481,6.4,2005.5
"3621","Houston",2005,8,7424,1386229065,143400,37099,6.3,2005.58333333333
"3622","Houston",2005,9,5597,1046392311,144100,35905,6.1,2005.66666666667
"3623","Houston",2005,10,5837,1083277633,141500,35393,5.9,2005.75
"3624","Houston",2005,11,5299,1007611239,144400,34296,5.7,2005.83333333333
"3625","Houston",2005,12,6494,1258397591,147700,32147,5.3,2005.91666666667
"3626","Houston",2006,1,4122,727754470,137600,33203,5.4,2006
"3627","Houston",2006,2,5313,1006142279,142600,33373,5.4,2006.08333333333
"3628","Houston",2006,3,7348,1393190762,142300,34364,5.5,2006.16666666667
"3629","Houston",2006,4,6498,1244307093,145300,34786,5.5,2006.25
"3630","Houston",2006,5,8040,1602621368,151200,35398,5.5,2006.33333333333
"3631","Houston",2006,6,8628,1795898108,155200,36281,5.6,2006.41666666667
"3632","Houston",2006,7,7479,1502690226,154900,37263,5.7,2006.5
"3633","Houston",2006,8,7811,1535797377,151400,37588,5.7,2006.58333333333
"3634","Houston",2006,9,6648,1299808129,149400,37683,5.7,2006.66666666667
"3635","Houston",2006,10,6301,1175035976,144900,37670,5.7,2006.75
"3636","Houston",2006,11,5953,1137231248,146800,36990,5.5,2006.83333333333
"3637","Houston",2006,12,6853,1395627554,152500,34941,5.2,2006.91666666667
"3638","Houston",2007,1,4645,829875082,141500,35809,5.3,2007
"3639","Houston",2007,2,5525,1069620954,147200,36443,5.4,2007.08333333333
"3640","Houston",2007,3,6775,1371736948,151500,38552,5.7,2007.16666666667
"3641","Houston",2007,4,6809,1374714520,149300,40486,6,2007.25
"3642","Houston",2007,5,7925,1662459290,154200,41864,6.2,2007.33333333333
"3643","Houston",2007,6,7947,1704841459,158900,42766,6.4,2007.41666666667
"3644","Houston",2007,7,7551,1559002866,154800,42919,6.4,2007.5
"3645","Houston",2007,8,7856,1651039958,157300,43107,6.4,2007.58333333333
"3646","Houston",2007,9,5581,1116470024,149900,43038,6.5,2007.66666666667
"3647","Houston",2007,10,5848,1143651372,146500,42332,6.4,2007.75
"3648","Houston",2007,11,5515,1098384062,148900,41069,6.3,2007.83333333333
"3649","Houston",2007,12,5691,1207940109,154700,39100,6,2007.91666666667
"3650","Houston",2008,1,4061,766263358,139500,39790,6.2,2008
"3651","Houston",2008,2,5036,1013275596,151000,40104,6.3,2008.08333333333
"3652","Houston",2008,3,5802,1174693656,151800,40896,6.5,2008.16666666667
"3653","Houston",2008,4,6049,1230287377,150300,41214,6.6,2008.25
"3654","Houston",2008,5,6781,1429360550,155800,41318,6.7,2008.33333333333
"3655","Houston",2008,6,6981,1560573868,160100,41474,6.8,2008.41666666667
"3656","Houston",2008,7,6718,1475562246,159900,41038,6.8,2008.5
"3657","Houston",2008,8,6251,1375038936,158900,39203,6.7,2008.58333333333
"3658","Houston",2008,9,4068,838147532,155300,37623,6.6,2008.66666666667
"3659","Houston",2008,10,4710,900418006,141900,36308,6.4,2008.75
"3660","Houston",2008,11,3731,690511609,137500,34493,6.3,2008.83333333333
"3661","Houston",2008,12,4981,942586753,145200,31637,5.8,2008.91666666667
"3662","Houston",2009,1,3108,512465082,130900,31654,5.9,2009
"3663","Houston",2009,2,3785,677290700,137800,31999,6.1,2009.08333333333
"3664","Houston",2009,3,4751,906519341,145500,32462,6.3,2009.16666666667
"3665","Houston",2009,4,4617,883272862,149000,31772,6.3,2009.25
"3666","Houston",2009,5,5227,1086192654,155800,31649,6.4,2009.33333333333
"3667","Houston",2009,6,5990,1302481023,163400,32247,6.7,2009.41666666667
"3668","Houston",2009,7,6327,1360027881,161300,32643,6.8,2009.5
"3669","Houston",2009,8,5512,1143676294,158900,32108,6.8,2009.58333333333
"3670","Houston",2009,9,5320,1068598207,155000,31579,6.5,2009.66666666667
"3671","Houston",2009,10,5437,1055633161,147600,31378,6.4,2009.75
"3672","Houston",2009,11,5084,989179001,150300,31384,6.3,2009.83333333333
"3673","Houston",2009,12,4948,1050628808,151200,29964,6,2009.91666666667
"3674","Houston",2010,1,2856,544338012,142300,31581,6.3,2010
"3675","Houston",2010,2,3684,731357757,146500,32695,6.6,2010.08333333333
"3676","Houston",2010,3,5389,1116539769,152300,34880,6.9,2010.16666666667
"3677","Houston",2010,4,5932,1191105918,151800,34555,6.7,2010.25
"3678","Houston",2010,5,6335,1289709166,152500,36724,7,2010.33333333333
"3679","Houston",2010,6,6117,1324315238,156800,39303,7.5,2010.41666666667
"3680","Houston",2010,7,4719,1028687548,157100,40409,7.9,2010.5
"3681","Houston",2010,8,4691,994092936,156900,40154,8,2010.58333333333
"3682","Houston",2010,9,4355,915074585,153200,39159,7.9,2010.66666666667
"3683","Houston",2010,10,4075,824541611,148400,38114,7.9,2010.75
"3684","Houston",2010,11,3924,842238262,150100,37031,7.8,2010.83333333333
"3685","Houston",2010,12,4730,1028424811,157500,34971,7.4,2010.91666666667
"3686","Houston",2011,1,3119,601936109,136500,35263,7.4,2011
"3687","Houston",2011,2,3627,754302095,150900,35521,7.5,2011.08333333333
"3688","Houston",2011,3,5077,1070346087,148500,36556,7.7,2011.16666666667
"3689","Houston",2011,4,5162,1030866672,148800,37134,8,2011.25
"3690","Houston",2011,5,5470,1173109967,154400,37182,8.1,2011.33333333333
"3691","Houston",2011,6,6158,1375914670,159800,36929,8,2011.41666666667
"3692","Houston",2011,7,5485,1199947148,158500,35841,7.7,2011.5
"3693","Houston",2011,8,6028,1277659324,157600,34388,7.2,2011.58333333333
"3694","Houston",2011,9,5061,1048997852,154700,33502,6.9,2011.66666666667
"3695","Houston",2011,10,4433,901577534,150700,32431,6.7,2011.75
"3696","Houston",2011,11,4273,882601259,153800,31055,6.4,2011.83333333333
"3697","Houston",2011,12,4961,1076039647,160100,28741,5.9,2011.91666666667
"3698","Houston",2012,1,3336,635855547,137800,28634,5.8,2012
"3699","Houston",2012,2,4198,834998423,149200,28583,5.8,2012.08333333333
"3700","Houston",2012,3,5389,1200579097,161700,28548,5.7,2012.16666666667
"3701","Houston",2012,4,5629,1235085496,161100,29111,5.8,2012.25
"3702","Houston",2012,5,6743,1565958406,168000,28819,5.6,2012.33333333333
"3703","Houston",2012,6,6990,1620900791,170700,28834,5.5,2012.41666666667
"3704","Houston",2012,7,6842,1541655520,169300,28514,5.4,2012.5
"3705","Houston",2012,8,7112,1566297243,163900,27090,5,2012.58333333333
"3706","Houston",2012,9,5479,1186230552,163300,26019,4.8,2012.66666666667
"3707","Houston",2012,10,5866,1280422125,162100,24828,4.5,2012.75
"3708","Houston",2012,11,5449,1231393037,166700,23592,4.2,2012.83333333333
"3709","Houston",2012,12,5610,1335407998,171000,21632,3.8,2012.91666666667
"3710","Houston",2013,1,4273,852045057,149500,21364,3.7,2013
"3711","Houston",2013,2,4886,1060985674,161900,21293,3.6,2013.08333333333
"3712","Houston",2013,3,6382,1479273481,172300,20909,3.5,2013.16666666667
"3713","Houston",2013,4,7116,1770746764,182400,20607,3.4,2013.25
"3714","Houston",2013,5,8439,2121508529,186100,20526,3.3,2013.33333333333
"3715","Houston",2013,6,7935,2073909387,191600,21008,3.3,2013.41666666667
"3716","Houston",2013,7,8468,2168720825,187800,21497,3.3,2013.5
"3717","Houston",2013,8,8155,2083377894,186700,21366,3.3,2013.58333333333
"3718","Houston",2013,9,6706,1638923780,180200,21207,3.2,2013.66666666667
"3719","Houston",2013,10,6551,1544551772,176000,20508,3.1,2013.75
"3720","Houston",2013,11,5557,1356418081,181400,19331,2.9,2013.83333333333
"3721","Houston",2013,12,6380,1658872245,187500,17857,2.7,2013.91666666667
"3722","Houston",2014,1,4418,1048623186,175600,17882,2.6,2014
"3723","Houston",2014,2,5311,1299312313,182000,17623,2.6,2014.08333333333
"3724","Houston",2014,3,6609,1699304949,191200,17857,2.6,2014.16666666667
"3725","Houston",2014,4,7073,1878943009,194400,18029,2.7,2014.25
"3726","Houston",2014,5,7877,2154791886,199300,18883,2.8,2014.33333333333
"3727","Houston",2014,6,8391,2342443127,211200,19725,2.9,2014.41666666667
"3728","Houston",2014,7,8391,2278932511,199700,20214,3,2014.5
"3729","Houston",2014,8,8167,2195184825,202400,20007,2.9,2014.58333333333
"3730","Houston",2014,9,7154,1890290143,195800,19566,2.9,2014.66666666667
"3731","Houston",2014,10,7235,1862033446,191200,18976,2.8,2014.75
"3732","Houston",2014,11,5661,1510435168,195200,18240,2.6,2014.83333333333
"3733","Houston",2014,12,7125,1982236986,209100,17228,2.5,2014.91666666667
"3734","Houston",2015,1,4494,1155508809,189300,18649,2.7,2015
"3735","Houston",2015,2,5032,1286375234,196500,18811,2.7,2015.08333333333
"3736","Houston",2015,3,6773,1839472566,205700,19286,2.8,2015.16666666667
"3737","Houston",2015,4,7059,1942499557,207700,20099,2.9,2015.25
"3738","Houston",2015,5,7357,2097957518,220100,21101,3.1,2015.33333333333
"3739","Houston",2015,6,8449,2490238594,222400,22311,3.2,2015.41666666667
"3740","Houston",2015,7,8945,2568156780,217600,23875,3.4,2015.5
"6733","San Antonio",2000,1,820,98974924,90900,5866,4.7,2000
"6734","San Antonio",2000,2,1075,120851076,86000,5933,4.7,2000.08333333333
"6735","San Antonio",2000,3,1433,167748201,87000,6187,4.9,2000.16666666667
"6736","San Antonio",2000,4,1263,145280248,90200,6339,5,2000.25
"6737","San Antonio",2000,5,1574,183281564,91200,6454,5,2000.33333333333
"6738","San Antonio",2000,6,1666,210779154,100100,6471,5,2000.41666666667
"6739","San Antonio",2000,7,1508,185816640,100500,6328,4.9,2000.5
"6740","San Antonio",2000,8,1626,195515195,93400,6764,5.2,2000.58333333333
"6741","San Antonio",2000,9,1300,156643797,94800,6761,5.2,2000.66666666667
"6742","San Antonio",2000,10,1192,141630200,93500,6850,5.2,2000.75
"6743","San Antonio",2000,11,1125,133453386,94100,6610,5,2000.83333333333
"6744","San Antonio",2000,12,1008,122995362,96800,6335,4.9,2000.91666666667
"6745","San Antonio",2001,1,945,105646984,87900,6437,4.9,2001
"6746","San Antonio",2001,2,1109,138259169,96900,6662,5.1,2001.08333333333
"6747","San Antonio",2001,3,1483,183435869,97300,6782,5.2,2001.16666666667
"6748","San Antonio",2001,4,1372,161665350,93300,6906,5.2,2001.25
"6749","San Antonio",2001,5,1634,203486532,102300,7074,5.3,2001.33333333333
"6750","San Antonio",2001,6,1760,224534548,104600,7260,5.4,2001.41666666667
"6751","San Antonio",2001,7,1616,201460434,100900,7212,5.4,2001.5
"6752","San Antonio",2001,8,1635,207082026,102400,7006,5.2,2001.58333333333
"6753","San Antonio",2001,9,1159,142851660,98500,6919,5.2,2001.66666666667
"6754","San Antonio",2001,10,1242,156272648,96400,6774,5.1,2001.75
"6755","San Antonio",2001,11,1155,146607645,98200,6511,4.8,2001.83333333333
"6756","San Antonio",2001,12,1152,148611204,108000,6299,4.6,2001.91666666667
"6757","San Antonio",2002,1,884,107359952,100500,6616,4.9,2002
"6758","San Antonio",2002,2,1096,139391844,104000,6787,5,2002.08333333333
"6759","San Antonio",2002,3,1327,171773437,100400,6959,5.2,2002.16666666667
"6760","San Antonio",2002,4,1339,170085516,102100,7049,5.3,2002.25
"6761","San Antonio",2002,5,1651,220873783,108700,7080,5.3,2002.33333333333
"6762","San Antonio",2002,6,1496,204189254,112700,7237,5.5,2002.41666666667
"6763","San Antonio",2002,7,1552,207497163,111000,7265,5.6,2002.5
"6764","San Antonio",2002,8,1577,201741215,103200,7243,5.6,2002.58333333333
"6765","San Antonio",2002,9,1308,167698544,105600,7290,5.5,2002.66666666667
"6766","San Antonio",2002,10,1320,175532446,107800,7272,5.5,2002.75
"6767","San Antonio",2002,11,1148,154316196,106700,7167,5.4,2002.83333333333
"6768","San Antonio",2002,12,1283,176796636,112900,6956,5.2,2002.91666666667
"6769","San Antonio",2003,1,1018,129687322,101100,7241,5.4,2003
"6770","San Antonio",2003,2,1136,149846603,108800,7343,5.5,2003.08333333333
"6771","San Antonio",2003,3,1380,182266602,105500,7639,5.7,2003.16666666667
"6772","San Antonio",2003,4,1488,203687322,111900,7911,5.8,2003.25
"6773","San Antonio",2003,5,1611,225024783,114500,8159,6,2003.33333333333
"6774","San Antonio",2003,6,1806,272373704,125500,8413,6.1,2003.41666666667
"6775","San Antonio",2003,7,1782,259955959,120600,8408,6,2003.5
"6776","San Antonio",2003,8,1814,256734550,120500,8344,5.9,2003.58333333333
"6777","San Antonio",2003,9,1584,212298452,111600,8476,5.9,2003.66666666667
"6778","San Antonio",2003,10,1497,195694922,108100,8357,5.7,2003.75
"6779","San Antonio",2003,11,1245,172870150,110800,8112,5.5,2003.83333333333
"6780","San Antonio",2003,12,1501,207608035,114200,7867,5.3,2003.91666666667
"6781","San Antonio",2004,1,1028,134983218,107100,8302,5.6,2004
"6782","San Antonio",2004,2,1275,171117643,108300,8529,5.7,2004.08333333333
"6783","San Antonio",2004,3,1700,230223523,114400,8783,5.7,2004.16666666667
"6784","San Antonio",2004,4,1695,233034760,112500,8857,5.7,2004.25
"6785","San Antonio",2004,5,1865,272339465,121800,8977,5.7,2004.33333333333
"6786","San Antonio",2004,6,2284,354062864,126900,8928,5.6,2004.41666666667
"6787","San Antonio",2004,7,2106,314642414,124200,8903,5.5,2004.5
"6788","San Antonio",2004,8,2035,300836609,124000,8830,5.3,2004.58333333333
"6789","San Antonio",2004,9,1716,248621950,120700,8847,5.3,2004.66666666667
"6790","San Antonio",2004,10,1624,228302392,117900,NA,NA,2004.75
"6791","San Antonio",2004,11,1474,215851592,118100,NA,NA,2004.83333333333
"6792","San Antonio",2004,12,1691,245485643,121500,NA,NA,2004.91666666667
"6793","San Antonio",2005,1,1265,174252814,114900,8512,4.9,2005
"6794","San Antonio",2005,2,1450,213938995,121400,8546,4.9,2005.08333333333
"6795","San Antonio",2005,3,1958,280364246,121600,8849,5,2005.16666666667
"6796","San Antonio",2005,4,1922,285284008,125900,8845,5,2005.25
"6797","San Antonio",2005,5,2310,367241928,130700,8940,4.9,2005.33333333333
"6798","San Antonio",2005,6,2504,408234678,135700,8924,4.9,2005.41666666667
"6799","San Antonio",2005,7,2239,353272225,134600,8822,4.8,2005.5
"6800","San Antonio",2005,8,2547,411025907,135500,8344,4.4,2005.58333333333
"6801","San Antonio",2005,9,2224,357574000,136700,8141,4.2,2005.66666666667
"6802","San Antonio",2005,10,1915,307933563,129700,8038,4.1,2005.75
"6803","San Antonio",2005,11,1815,289868415,134500,7826,3.9,2005.83333333333
"6804","San Antonio",2005,12,1885,307867259,139200,7552,3.8,2005.91666666667
"6805","San Antonio",2006,1,1420,222767576,130400,7905,3.9,2006
"6806","San Antonio",2006,2,1705,267312785,130400,7846,3.9,2006.08333333333
"6807","San Antonio",2006,3,2354,382533514,135900,8134,3.9,2006.16666666667
"6808","San Antonio",2006,4,2070,337955174,135800,8238,4,2006.25
"6809","San Antonio",2006,5,2557,439980205,140800,8397,4,2006.33333333333
"6810","San Antonio",2006,6,2812,499747796,147500,8447,4,2006.41666666667
"6811","San Antonio",2006,7,2568,459221882,146100,8675,4,2006.5
"6812","San Antonio",2006,8,2547,438795181,143300,8889,4.1,2006.58333333333
"6813","San Antonio",2006,9,2245,375555039,139100,9169,4.2,2006.66666666667
"6814","San Antonio",2006,10,1960,330988924,137900,9563,4.4,2006.75
"6815","San Antonio",2006,11,1919,323268760,141700,9431,4.3,2006.83333333333
"6816","San Antonio",2006,12,2012,356849507,147500,9101,4.2,2006.91666666667
"6817","San Antonio",2007,1,1421,240444609,142400,9696,4.4,2007
"6818","San Antonio",2007,2,1701,299078925,143100,10388,4.8,2007.08333333333
"6819","San Antonio",2007,3,2139,371754181,145700,10785,5,2007.16666666667
"6820","San Antonio",2007,4,2107,380162073,145000,11563,5.3,2007.25
"6821","San Antonio",2007,5,2478,447033120,147200,12256,5.7,2007.33333333333
"6822","San Antonio",2007,6,2443,472051800,157200,12718,6,2007.41666666667
"6823","San Antonio",2007,7,2372,438039518,152300,12946,6.1,2007.5
"6824","San Antonio",2007,8,2409,450041817,151500,12857,6.1,2007.58333333333
"6825","San Antonio",2007,9,1885,335779547,146600,12884,6.2,2007.66666666667
"6826","San Antonio",2007,10,1722,296749662,144400,13103,6.4,2007.75
"6827","San Antonio",2007,11,1591,280035900,145000,12578,6.2,2007.83333333333
"6828","San Antonio",2007,12,1689,306775579,148500,11843,5.9,2007.91666666667
"6829","San Antonio",2008,1,1235,211772275,140400,12368,6.2,2008
"6830","San Antonio",2008,2,1546,263763769,143000,12631,6.4,2008.08333333333
"6831","San Antonio",2008,3,1723,309989598,147900,13091,6.8,2008.16666666667
"6832","San Antonio",2008,4,1744,322794620,152300,13479,7.1,2008.25
"6833","San Antonio",2008,5,1909,356613490,151700,13640,7.4,2008.33333333333
"6834","San Antonio",2008,6,2096,405778671,157800,13871,7.6,2008.41666666667
"6835","San Antonio",2008,7,1890,350623890,153400,14088,7.9,2008.5
"6836","San Antonio",2008,8,1799,331904853,150200,13814,8,2008.58333333333
"6837","San Antonio",2008,9,1655,292644119,144500,13618,7.9,2008.66666666667
"6838","San Antonio",2008,10,1423,262507655,144300,13541,8,2008.75
"6839","San Antonio",2008,11,1040,186039791,142600,13137,8,2008.83333333333
"6840","San Antonio",2008,12,1311,232910019,141500,12281,7.6,2008.91666666667
"6841","San Antonio",2009,1,859,158719852,145900,12349,7.8,2009
"6842","San Antonio",2009,2,1156,202274184,142300,12622,8.1,2009.08333333333
"6843","San Antonio",2009,3,1372,235903850,143800,12807,8.4,2009.16666666667
"6844","San Antonio",2009,4,1501,271181155,147900,12690,8.5,2009.25
"6845","San Antonio",2009,5,1667,306809171,151600,12601,8.5,2009.33333333333
"6846","San Antonio",2009,6,1953,369817472,156100,12516,8.5,2009.41666666667
"6847","San Antonio",2009,7,2044,380490533,158600,12413,8.4,2009.5
"6848","San Antonio",2009,8,1803,324885177,147800,12224,8.2,2009.58333333333
"6849","San Antonio",2009,9,1610,279600204,146500,11865,8,2009.66666666667
"6850","San Antonio",2009,10,1751,292424481,138700,11583,7.7,2009.75
"6851","San Antonio",2009,11,1608,271945968,141000,11506,7.4,2009.83333333333
"6852","San Antonio",2009,12,1399,252403705,147400,11150,7.1,2009.91666666667
"6853","San Antonio",2010,1,857,148724845,138800,11755,7.5,2010
"6854","San Antonio",2010,2,1250,210877650,141700,12168,7.8,2010.08333333333
"6855","San Antonio",2010,3,1763,307921677,143300,12948,8.1,2010.16666666667
"6856","San Antonio",2010,4,1918,331213210,142600,12716,7.8,2010.25
"6857","San Antonio",2010,5,2035,356955045,146600,13055,7.8,2010.33333333333
"6858","San Antonio",2010,6,1972,371310192,152000,13552,8.1,2010.41666666667
"6859","San Antonio",2010,7,1559,318011916,161800,13598,8.4,2010.5
"6860","San Antonio",2010,8,1657,328912742,160100,13423,8.3,2010.58333333333
"6861","San Antonio",2010,9,1462,269064373,152000,13022,8.1,2010.66666666667
"6862","San Antonio",2010,10,1320,240255420,149300,12615,8.1,2010.75
"6863","San Antonio",2010,11,1300,246477985,152900,12235,7.9,2010.83333333333
"6864","San Antonio",2010,12,1356,260427064,157200,11603,7.5,2010.91666666667
"6865","San Antonio",2011,1,977,175057159,146100,11903,7.7,2011
"6866","San Antonio",2011,2,1130,201443132,148700,12076,7.9,2011.08333333333
"6867","San Antonio",2011,3,1607,290760522,148400,12485,8.2,2011.16666666667
"6868","San Antonio",2011,4,1564,279658832,147900,12631,8.4,2011.25
"6869","San Antonio",2011,5,1871,351947316,152400,12685,8.6,2011.33333333333
"6870","San Antonio",2011,6,1989,382276827,155300,12655,8.5,2011.41666666667
"6871","San Antonio",2011,7,1752,334566084,156500,12491,8.3,2011.5
"6872","San Antonio",2011,8,1820,332639720,153300,11856,7.8,2011.58333333333
"6873","San Antonio",2011,9,1626,305052198,152400,11489,7.5,2011.66666666667
"6874","San Antonio",2011,10,1423,258310111,151400,11299,7.4,2011.75
"6875","San Antonio",2011,11,1295,226300216,147500,10901,7.1,2011.83333333333
"6876","San Antonio",2011,12,1454,266388959,151900,10171,6.6,2011.91666666667
"6877","San Antonio",2012,1,1042,183471954,142100,10400,6.7,2012
"6878","San Antonio",2012,2,1316,240879768,150200,10486,6.7,2012.08333333333
"6879","San Antonio",2012,3,1695,312831976,157200,10618,6.8,2012.16666666667
"6880","San Antonio",2012,4,1698,325553748,156900,10977,6.9,2012.25
"6881","San Antonio",2012,5,1948,382613654,160400,11063,7,2012.33333333333
"6882","San Antonio",2012,6,2112,439461614,169700,11031,6.9,2012.41666666667
"6883","San Antonio",2012,7,1950,379996619,163200,10938,6.8,2012.5
"6884","San Antonio",2012,8,2146,418840356,160400,10477,6.4,2012.58333333333
"6885","San Antonio",2012,9,1740,333975240,157200,10148,6.1,2012.66666666667
"6886","San Antonio",2012,10,1707,331573545,157800,9828,5.9,2012.75
"6887","San Antonio",2012,11,1626,313453812,160800,9429,5.5,2012.83333333333
"6888","San Antonio",2012,12,1585,305454501,159500,8801,5.1,2012.91666666667
"6889","San Antonio",2013,1,1292,236163208,150400,8932,5.1,2013
"6890","San Antonio",2013,2,1449,285398367,159300,9359,5.4,2013.08333333333
"6891","San Antonio",2013,3,1900,364477084,158300,9488,5.4,2013.16666666667
"6892","San Antonio",2013,4,2046,413772003,165300,9421,5.3,2013.25
"6893","San Antonio",2013,5,2549,546614113,174900,9406,5.1,2013.33333333333
"6894","San Antonio",2013,6,2388,521027508,177800,9581,5.1,2013.41666666667
"6895","San Antonio",2013,7,2490,537769228,178000,9763,5.1,2013.5
"6896","San Antonio",2013,8,2489,518033309,174700,9396,4.8,2013.58333333333
"6897","San Antonio",2013,9,2058,420142221,168400,9113,4.6,2013.66666666667
"6898","San Antonio",2013,10,1910,388789029,168500,8868,4.5,2013.75
"6899","San Antonio",2013,11,1693,361665378,170300,8372,4.2,2013.83333333333
"6900","San Antonio",2013,12,1843,392660916,172300,7914,3.9,2013.91666666667
"6901","San Antonio",2014,1,1401,269857974,160900,8282,4.1,2014
"6902","San Antonio",2014,2,1559,313307895,168600,8638,4.3,2014.08333333333
"6903","San Antonio",2014,3,1922,404816960,173300,8909,4.4,2014.16666666667
"6904","San Antonio",2014,4,2193,458876193,175900,9358,4.6,2014.25
"6905","San Antonio",2014,5,2432,539405842,182600,9560,4.7,2014.33333333333
"6906","San Antonio",2014,6,2553,585805307,188800,9641,4.7,2014.41666666667
"6907","San Antonio",2014,7,2556,577877954,185300,9458,4.6,2014.5
"6908","San Antonio",2014,8,2523,553787595,180700,9235,4.5,2014.58333333333
"6909","San Antonio",2014,9,2308,505447424,184000,9000,4.3,2014.66666666667
"6910","San Antonio",2014,10,2225,464066036,174600,8710,4.1,2014.75
"6911","San Antonio",2014,11,1738,388222634,184100,8236,3.9,2014.83333333333
"6912","San Antonio",2014,12,2161,478503900,183400,7569,3.6,2014.91666666667
"6913","San Antonio",2015,1,1485,311909130,175900,7717,3.6,2015
"6914","San Antonio",2015,2,1768,387155552,186700,7799,3.6,2015.08333333333
"6915","San Antonio",2015,3,2265,510275463,185800,8032,3.7,2015.16666666667
"6916","San Antonio",2015,4,2450,547396335,188500,8388,3.8,2015.25
"6917","San Antonio",2015,5,2606,633210464,199400,8682,3.9,2015.33333333333
"6918","San Antonio",2015,6,2919,701375402,199400,9105,4,2015.41666666667
"6919","San Antonio",2015,7,2962,704891602,198100,9462,4.1,2015.5
